"product_name","description","image_link","price","rating","store_name"
"OPPO F9 6/64 GB","Tangerang","https://images.tokopedia.net/img/cache/200-square/VqbcmM/2021/5/7/7ecea239-6987-408d-bc4e-aacae4ee3f98.png.webp?ect=4g","Rp1.551.000",5,"victoriaphone89"
"HP HAPE HANDPHONE NOKIA 1280 JADUL BARU NEW TERMURAH MURAH 11 - Hitam","Jakarta Pusat","https://images.tokopedia.net/img/cache/200-square/VqbcmM/2021/1/16/c258f4e8-3952-4281-8a38-f07c1110c709.jpg.webp?ect=4g","Rp97.900",5,"Toko Absolute 1"
"OPPO F9 6/64 GB","Jakarta Barat","https://images.tokopedia.net/img/cache/200-square/VqbcmM/2020/10/21/1d0e9d33-bb47-4bcc-bfc1-08b6a9ca0003.jpg.webp?ect=4g","Rp1.548.000",5,"Zhongkai Jianba"
"HP HANDPHONE NOKIA 106 2018 JADUL BARU NEW DUAL SIM TERMURAH MURAH 2 - Hitam","Jakarta Pusat","https://images.tokopedia.net/img/cache/200-square/VqbcmM/2021/2/8/eebd425f-9deb-43dc-8447-770e7208d7fc.jpg.webp?ect=4g","Rp137.900",5,"Toko Absolute 1"
"OPPO A3S 3/32 GB","Jakarta Barat","https://images.tokopedia.net/img/cache/200-square/VqbcmM/2020/10/20/2c216ef0-c98e-48e5-84e2-103c6059f3c5.jpg.webp?ect=4g","Rp1.268.000",5,"Zhongkai Jianba"
"(IBOX) iPhone 11 64GB 128GB 256GB Garansi Resmi TAM 1 Tahun 64 128 256","Jakarta Pusat","https://images.tokopedia.net/img/cache/200-square/product-1/2020/7/15/10122977/10122977_145b7874-cc9c-4580-b2f4-be3fd250f20b_700_700.webp?ect=4g","Rp10.790.000",5,"Putra Group"
"iPhone 8 SECOND","Jakarta Barat","https://images.tokopedia.net/img/cache/200-square/VqbcmM/2021/2/2/6eb486d5-f3bc-46ce-a381-717b480e9517.jpg.webp?ect=4g","Rp2.900.000",5,"KEY PHONE CELLULAR"
"Oppo Reno 5 Ram 8 / 128 GB Garansi Resmi Oppo 1 Tahun","Jakarta Utara","https://images.tokopedia.net/img/cache/200-square/VqbcmM/2021/1/22/bd6b15ef-d320-4ea7-a797-f33f6f8f3058.jpg.webp?ect=4g","Rp4.275.000",5,"raymond acc"
"Xiaomi Official Redmi Note 9 4/64 GB Garansi Resmi Mi Smartphone","Kab. Tangerang","https://images.tokopedia.net/img/cache/200-square/VqbcmM/2021/1/20/e830985e-6ee8-4f5f-be38-12a6af90e410.jpg.webp?ect=4g","Rp1.999.000",5,"Xiaomi Official Store"
"(IBOX) iPhone 12 Mini 64GB 128GB 256GB Garansi Resmi 64 128 256 GB","Jakarta Pusat","https://images.tokopedia.net/img/cache/200-square/VqbcmM/2020/12/17/87003f8e-8863-4167-a743-7dd9e0288cc8.jpg.webp?ect=4g","Rp10.990.000",5,"Putra Group"
"OPPO A92 2020 Ram 8/128GB Garansi Resmi OPPO INDONESIA","Jakarta Barat","https://images.tokopedia.net/img/cache/200-square/VqbcmM/2020/5/10/45cc82c0-a68a-4d30-8e82-ccc98398c2c1.jpg.webp?ect=4g","Rp3.099.000",5,"OVANST0RE"
"Apple iPhone XR 64 GB - Garansi Resmi Apple indonesia ibox (TAM)","Jakarta Utara","https://images.tokopedia.net/img/cache/200-square/VqbcmM/2020/12/9/b2703941-bd06-4900-9d5a-c0be166332c3.jpg.webp?ect=4g","Rp7.299.000",5,"Universe Store"
"OPPO A15S RAM 4/64 GB GARANSI RESMI OPPO INDONESIA","Jakarta Barat","https://images.tokopedia.net/img/cache/200-square/VqbcmM/2021/2/21/f3ad83d0-74cf-411a-bdbb-2d3e73f360ee.jpg.webp?ect=4g","Rp1.749.000",5,"Grandstore cell"
"Xiaomi Official Poco X3 NFC 8/128GB Snapdragonâ„¢ 732G Mi Smartphone","Kab. Tangerang","https://images.tokopedia.net/img/cache/200-square/VqbcmM/2021/4/6/d4e8ad7c-0ad3-4441-a3fb-72918af91c33.png.webp?ect=4g","Rp3.299.000",5,"Xiaomi Official Store"
"Samsung Galaxy M31 6/128 GB Garansi Resmi SEIN","Jakarta Pusat","https://images.tokopedia.net/img/cache/200-square/product-1/2020/3/24/2608727/2608727_a5a2e530-f6b4-4840-a708-f6224024395a_800_800.webp?ect=4g","Rp2.995.000",5,"Gudang-HP"
"Iphone XS 64gb Bekas Fullset","Jakarta Barat","https://images.tokopedia.net/img/cache/200-square/attachment/2019/4/20/155574790561029/155574790561029_02683752-0812-43ce-87b4-bd41a68ad24b.png.webp?ect=4g","Rp5.800.000",5,"Boboy Store"
"Samsung Galaxy A12 6/128 GB Garansi Resmi SEIN","Jakarta Pusat","https://images.tokopedia.net/img/cache/200-square/VqbcmM/2020/12/29/520f7c61-b341-42e1-a829-9cb4cc5b1677.jpg.webp?ect=4g","Rp2.488.000",5,"Gudang-HP"
"realme X3 SuperZoom 12/256GB 60X Periscope Zoom Snapdragon 855+ NFC","Tangerang","https://images.tokopedia.net/img/cache/200-square/VqbcmM/2021/5/6/140cc4e5-59fd-4d9a-82e1-05c76c728c5f.jpg.webp?ect=4g","Rp5.599.000",5,"realme Official Store"
"SAMSUNG GALAXY A12 6/128 GB GARANSI RESMI SAMSUNG INDONESIA","Jakarta Timur","https://images.tokopedia.net/img/cache/200-square/VqbcmM/2021/2/23/f1a4473a-5788-4843-a926-4d811ae18783.jpg.webp?ect=4g","Rp2.498.000",5,"Star Shop V"
"Samsung Galaxy A02s 4/64 GB Garansi Resmi SEIN","Jakarta Pusat","https://images.tokopedia.net/img/cache/200-square/VqbcmM/2021/1/9/652c5287-93a0-41d1-8f2d-e7b155e7eeb1.jpg.webp?ect=4g","Rp1.792.000",5,"Gudang-HP"
"Samsung Galaxy A02 3/32 GB Garansi Resmi SEIN","Jakarta Pusat","https://images.tokopedia.net/img/cache/200-square/VqbcmM/2021/2/18/1bfa6f89-cf7e-4c54-9fd1-3e2713cbdb4c.jpg.webp?ect=4g","Rp1.371.000",5,"Gudang-HP"
"Samsung Galaxy A12 4/128 GB Garansi Resmi SEIN","Jakarta Pusat","https://images.tokopedia.net/img/cache/200-square/VqbcmM/2020/12/29/f9d69371-8145-412a-b376-76ebecd819ab.jpg.webp?ect=4g","Rp2.172.000",5,"Gudang-HP"
"Infinix Hot 9 Play 4/64 GB Garansi Resmi","Jakarta Pusat","https://images.tokopedia.net/img/cache/200-square/product-1/2020/7/2/2608727/2608727_e2c528f4-070b-4290-a8da-0d8a4615a14d_800_800.webp?ect=4g","Rp1.417.000",5,"Gudang-HP"
"Samsung Galaxy A21s 6/128 GB Garansi Resmi","Jakarta Pusat","https://images.tokopedia.net/img/cache/200-square/VqbcmM/2020/11/22/a8592a4d-a15e-467f-ab9b-4b963fc282ca.jpg.webp?ect=4g","Rp2.721.000",5,"Gudang-HP"
"Infinix Hot 10 4/64 GB Garansi Resmi","Jakarta Pusat","https://images.tokopedia.net/img/cache/200-square/VqbcmM/2020/11/19/531d1614-2dfb-4dc6-b85d-4e1b959f095f.jpg.webp?ect=4g","Rp1.574.000",5,"Gudang-HP"
"XIAOMI REDMI 9C RAM 4/64 GB GARANSI RESMI","Jakarta Pusat","https://images.tokopedia.net/img/cache/200-square/VqbcmM/2021/4/23/2e900f6b-8fc8-4277-9df0-8a288831d07c.jpg.webp?ect=4g","Rp1.565.000",5,"Q-Store Pedia"
"Samsung Galaxy M11 3GB/32GB Garansi Resmi","Jakarta Pusat","https://images.tokopedia.net/img/cache/200-square/product-1/2020/5/27/2608727/2608727_529ab86e-4046-4e40-9b1f-16eec32cf2a2_800_800.webp?ect=4g","Rp1.564.000",5,"Gudang-HP"
"Samsung Galaxy A02s Smartphone [4 GB/ 64 GB]","Jakarta Pusat","https://images.tokopedia.net/img/cache/200-square/VqbcmM/2021/2/8/cb51aef8-e055-4b3e-907c-1ce89e164282.jpg.webp?ect=4g","Rp1.779.000",5,"PRISMA ROXY"
"Infinix Hot 10 Play 2/32 GB Garansi Resmi","Jakarta Pusat","https://images.tokopedia.net/img/cache/200-square/VqbcmM/2021/2/18/8604e2ee-0c36-4c88-b881-5316f70874d5.jpg.webp?ect=4g","Rp1.183.000",5,"Gudang-HP"
"Xiaomi Redmi 9c 4/64 GB Garansi Resmi","Jakarta Pusat","https://images.tokopedia.net/img/cache/200-square/product-1/2020/9/16/2608727/2608727_bf5565ab-5b35-4026-9717-22b34ddba357_800_800.webp?ect=4g","Rp1.563.000",5,"Gudang-HP"
"Xiaomi Poco M3 6/128 GB Garansi Resmi","Jakarta Pusat","https://images.tokopedia.net/img/cache/200-square/VqbcmM/2021/1/29/324af673-a845-4ce7-82ed-1cdbbd42bd9e.jpg.webp?ect=4g","Rp2.239.000",5,"Gudang-HP"
"Xiaomi Redmi Note 9 6/128 GB Garansi Resmi","Jakarta Pusat","https://images.tokopedia.net/img/cache/200-square/product-1/2020/6/18/2608727/2608727_a9cc5f8e-5233-4835-81ec-9221fd0c56a6_800_800.webp?ect=4g","Rp2.399.000",5,"Gudang-HP"
"Xiaomi Poco M3 4/64 GB Garansi Resmi","Jakarta Pusat","https://images.tokopedia.net/img/cache/200-square/VqbcmM/2021/1/29/02556865-d03d-4e36-a9af-7185ea23d036.jpg.webp?ect=4g","Rp1.899.000",5,"Gudang-HP"
"Xiaomi Redmi 9A 3/32 3GB 32GB Garansi Resmi Tam","Jakarta Selatan","https://images.tokopedia.net/img/cache/200-square/VqbcmM/2021/2/17/78005548-90d3-4b58-81b2-cee6aec57e5e.jpg.webp?ect=4g","Rp1.175.000",5,"murahmeriah shop"
"Xiaomi Redmi 9 4/64 GB Garansi Resmi","Jakarta Pusat","https://images.tokopedia.net/img/cache/200-square/product-1/2020/7/21/2608727/2608727_1cb935dd-cbbf-4af8-a28c-eb4a25816779_800_800.webp?ect=4g","Rp1.689.000",5,"Gudang-HP"
"OPPO A5S 3/32 GB","Jakarta Barat","https://images.tokopedia.net/img/cache/200-square/VqbcmM/2021/4/13/91e42e27-50e5-4f4e-866c-863e45c3667f.jpg.webp?ect=4g","Rp1.308.000",5,"Zhongkai Jianba"
"Xiaomi Redmi 5A 3 / 32GB","Jakarta Barat","https://images.tokopedia.net/img/cache/200-square/VqbcmM/2021/3/12/31e48922-d3a0-4583-9866-8aa2974315be.jpg.webp?ect=4g","Rp798.000",5,"Fortune Ponsel"
"OPPO F9 6/64 GB","Jakarta Barat","https://images.tokopedia.net/img/cache/200-square/VqbcmM/2020/12/4/2cef113e-3ae3-4bd3-86b7-90e05fec9c4c.jpg.webp?ect=4g","Rp1.548.000",5,"Zhufu jian"
"ASUS ROG PHONE 5 PRO / ULTIMATE 512GB 256GB 128GB GARANSI 1 TAHUN - 8gb 128gb","Jakarta Pusat","https://images.tokopedia.net/img/cache/200-square/VqbcmM/2021/3/26/99f2f2d7-0356-483e-b242-e66c9ab5d829.jpg.webp?ect=4g","Rp10.835.000",5,"chocoapple"
"OPPO F5 4/32 GB","Jakarta Barat","https://images.tokopedia.net/img/cache/200-square/VqbcmM/2020/12/5/4270ebd3-d0de-49e8-9ee0-7c9aa22259d0.jpg.webp?ect=4g","Rp1.185.000",5,"Zhufu jian"
"Infinix Smart 5 2/32 GB Garansi Resmi","Jakarta Pusat","https://images.tokopedia.net/img/cache/200-square/product-1/2020/9/8/2608727/2608727_28fdd802-c662-4860-90a1-f7ec868d60ee_800_800.webp?ect=4g","Rp1.092.000",5,"Gudang-HP"
"Advan Hape Online Smart Feature Phone KaiOS Indosat Garansi Resmi","Jakarta Utara","https://images.tokopedia.net/img/cache/200-square/VqbcmM/2021/3/8/7b979123-df22-41fd-a47f-2d296442f212.jpg.webp?ect=4g","Rp219.000",5,"CA Shop"
"Xiaomi Redmi 9A 2/32 GB Garansi Resmi","Jakarta Pusat","https://images.tokopedia.net/img/cache/200-square/product-1/2020/10/10/2608727/2608727_43e27307-3883-4c0c-a00a-28d3c62cca5f_800_800.webp?ect=4g","Rp1.169.000",5,"Gudang-HP"
"Samsung Galaxy A02s 3/32 GB Garansi Resmi SEIN","Jakarta Pusat","https://images.tokopedia.net/img/cache/200-square/VqbcmM/2021/1/6/ccdd16b0-b4db-4836-ae53-77f80af29db4.jpg.webp?ect=4g","Rp1.569.000",5,"Gudang-HP"
"vivo Y30i Ram 4/64GB Garansi Resmi VIVO INDONESIA","Jakarta Barat","https://images.tokopedia.net/img/cache/200-square/VqbcmM/2020/9/22/7447386b-df8e-4d6b-8c56-eb39e9eb3dc5.png.webp?ect=4g","Rp2.020.000",5,"OVANST0RE"
"Xiaomi Redmi 9T 6/128 GB Garansi Resmi","Jakarta Pusat","https://images.tokopedia.net/img/cache/200-square/VqbcmM/2021/2/25/fb0724af-3ee0-4a35-9740-2499bc6a0603.jpg.webp?ect=4g","Rp2.333.000",5,"Gudang-HP"
"Samsung M02 2/32 GB Garansi Resmi","Jakarta Pusat","https://images.tokopedia.net/img/cache/200-square/VqbcmM/2021/2/24/c5693920-a57c-42f4-90c7-ae0dec41f041.jpg.webp?ect=4g","Rp1.199.000",5,"Gudang-HP"
"Xiaomi Redmi Note 9 4/64 GB Garansi Resmi","Jakarta Pusat","https://images.tokopedia.net/img/cache/200-square/product-1/2020/6/18/2608727/2608727_4d9f9da3-6cf7-4c3b-9709-3550ca400a5b_800_800.webp?ect=4g","Rp1.995.000",5,"Gudang-HP"
"Infinix Note 8 6/64 GB 6GB 64GB Garansi Resmi Infinix","Jakarta Pusat","https://images.tokopedia.net/img/cache/200-square/VqbcmM/2020/12/5/23291a76-58e2-4766-82e4-1e55c5029f53.jpg.webp?ect=4g","Rp2.079.000",5,"Garasi.ku"
"Iphone 12 Pro Max 128Gb/256Gb/512Gb Garansi Resmi IBOX/TAM","Jakarta Pusat","https://images.tokopedia.net/img/cache/200-square/VqbcmM/2020/12/18/1f275a92-6234-425f-9856-244afdd8064c.jpg.webp?ect=4g","Rp18.950.000",5,"Senjaya Selindo"
"Samsung Galaxy A51 8/256 GB Garansi Resmi","Jakarta Pusat","https://images.tokopedia.net/img/cache/200-square/VqbcmM/2021/2/13/f955433c-48a8-4956-8dc2-f116842059b7.jpg.webp?ect=4g","Rp3.828.000",5,"Gudang-HP"
"XIaomi Poco X3 NFC 8/128 GB Garansi Resmi","Jakarta Pusat","https://images.tokopedia.net/img/cache/200-square/product-1/2020/10/29/2608727/2608727_744b0fc7-e425-4cae-8782-0d90b07efe3c_800_800.webp?ect=4g","Rp3.265.000",5,"Gudang-HP"
"Nokia 105 King (2019) Garansi Resmi TAM","Jakarta Pusat","https://images.tokopedia.net/img/cache/200-square/product-1/2020/1/20/7457278/7457278_0ac16043-c390-4468-978a-94b476e18b75_640_640.webp?ect=4g","Rp221.000",5,"LJS OFFICIAL"
"Samsung Galaxy M51 8/128 GB Garansi Resmi SEIN","Jakarta Pusat","https://images.tokopedia.net/img/cache/200-square/product-1/2020/10/28/2608727/2608727_a3b5c6f1-60d2-4c50-9d9a-c0f387c69f51_800_800.webp?ect=4g","Rp4.559.000",5,"Gudang-HP"
"Iphone XR Garansi Resmi Ibox","Jakarta Barat","https://images.tokopedia.net/img/cache/200-square/VqbcmM/2020/11/10/192bac85-449b-44bc-bbb4-0fba579ccb0f.jpg.webp?ect=4g","Rp7.325.000",5,"Cv.Sentra inti pratama"
"Samsung Galaxy A12 6/128GB 4/128GB Garasni SEIN 4 GB 6 GB 128 GB","Jakarta Pusat","https://images.tokopedia.net/img/cache/200-square/VqbcmM/2021/1/11/d3173d8c-8bb0-415f-9396-86e2c1abac00.jpg.webp?ect=4g","Rp2.183.000",5,"Distributor Ponsel"
"Samsung Galaxy A12 4/128 Garansi Resmi","Jakarta Pusat","https://images.tokopedia.net/img/cache/200-square/VqbcmM/2021/1/8/cdd1be5e-d870-44ae-9369-aea2a58c8c60.jpg.webp?ect=4g","Rp2.170.000",5,"PRISMA ROXY"
"Samsung Galaxy A21S 6/128 Garansi Resmi SEIN","Jakarta Pusat","https://images.tokopedia.net/img/cache/200-square/VqbcmM/2020/12/29/37fd3927-43b6-4a5b-831b-650ac17b8927.jpg.webp?ect=4g","Rp2.725.000",5,"PRISMA ROXY"
"Samsung Galaxy A01 2/16 GB Garansi Resmi SEIN","Jakarta Pusat","https://images.tokopedia.net/img/cache/200-square/product-1/2020/3/5/2608727/2608727_94b637ec-cb71-42f6-b8ea-ab7a6cc3fba3_800_800.webp?ect=4g","Rp1.126.000",5,"Gudang-HP"
"Infinix Itel Vision 1 Pro 3/32 RAM 3GB ROM 32GB GARANSI RESMI","Bekasi","https://images.tokopedia.net/img/cache/200-square/VqbcmM/2021/5/4/720559c4-b708-4a38-a28a-8943ad47d524.jpg.webp?ect=4g","Rp1.098.000",5,"Shadow Gold"
"Itel Vision 1 Pro ( 2/32Gb / 3/32Gb ) Garansi Resmi by Infinix","Jakarta Selatan","https://images.tokopedia.net/img/cache/200-square/VqbcmM/2021/2/17/8d69c008-48d1-4bb1-86b1-c9a7a969ca6d.jpg.webp?ect=4g","Rp985.000",5,"murahmeriah shop"
"Samsung Galaxy A01 Core 2/32GB Garansi Resmi Samsung A01 2 GB 32 GB","Jakarta Pusat","https://images.tokopedia.net/img/cache/200-square/VqbcmM/2021/1/9/58feec14-f335-47b7-afad-9671fdf0d7cd.jpg.webp?ect=4g","Rp909.000",5,"Distributor Ponsel"
"Xiaomi Redmi Note 9 4/64 GB - Garansi Resmi Xiaomi Indonesia","Jakarta Utara","https://images.tokopedia.net/img/cache/200-square/product-1/2020/6/18/3071296/3071296_372cd694-eeda-42e8-9cec-e69bbcb1b062_1800_1800.webp?ect=4g","Rp1.995.000",5,"Universe Store"
"Iphone 11 128GB Garansi Resmi TAM / Ibox","Jakarta Barat","https://images.tokopedia.net/img/cache/200-square/VqbcmM/2020/11/10/916bdfa2-fee9-4206-96aa-a331a52e9ab2.jpg.webp?ect=4g","Rp11.499.000",5,"Cv.Sentra inti pratama"
"Samsung Galaxy A12 4/128 / 6/128 Garansi Resmi Sein By Tam","Jakarta Selatan","https://images.tokopedia.net/img/cache/200-square/VqbcmM/2021/2/7/f5c0e160-deb5-4281-b156-8144e4e59a00.jpg.webp?ect=4g","Rp2.219.000",5,"murahmeriah shop"
"Xiaomi Redmi 9c 3/32 GB Garansi Resmi","Jakarta Pusat","https://images.tokopedia.net/img/cache/200-square/product-1/2020/9/16/2608727/2608727_c7f7ff36-f2c8-468c-a95e-4eb95ce4fec9_800_800.webp?ect=4g","Rp1.385.000",5,"Gudang-HP"
"Xiaomi Redmi 9T 4/64 GB Garansi Resmi","Jakarta Pusat","https://images.tokopedia.net/img/cache/200-square/VqbcmM/2021/2/25/3cd35cba-fcf8-4ac3-8243-bf6028358270.jpg.webp?ect=4g","Rp1.929.000",5,"Gudang-HP"
"Xiaomi Poco M3 6/128GB 4/64GB Garansi Resmi 128 GB 64 GB Biru Hitam","Jakarta Pusat","https://images.tokopedia.net/img/cache/200-square/VqbcmM/2020/12/19/d866c7b6-03f2-4bcc-bd26-1e82758cdf96.jpg.webp?ect=4g","Rp1.939.000",5,"Distributor Ponsel"
"Samsung Galaxy A02s 4/64GB 3/32GB Garansi SEIN Hitam Biru Bukan A20s","Jakarta Pusat","https://images.tokopedia.net/img/cache/200-square/VqbcmM/2021/1/16/8784adc1-f95c-45fe-90f9-f6b50acb9416.jpg.webp?ect=4g","Rp1.564.000",5,"Distributor Ponsel"
"Xiaomi Poco X3 NFC 6/64 GB Garansi Resmi","Jakarta Pusat","https://images.tokopedia.net/img/cache/200-square/product-1/2020/10/29/2608727/2608727_f2a9d5c8-b137-481c-8ab8-4bbf44d4f4a9_800_800.webp?ect=4g","Rp2.843.000",5,"Gudang-HP"
"OPPO A39 3/32 GB","Jakarta Barat","https://images.tokopedia.net/img/cache/200-square/VqbcmM/2020/10/20/36939558-cdbe-450a-a21a-d2c1a1a38850.jpg.webp?ect=4g","Rp1.039.000",5,"Zhongkai Jianba"
"Xiaomi Redmi Note 2 2/16GB","Jakarta Barat","https://images.tokopedia.net/img/cache/200-square/VqbcmM/2021/3/4/0e1b4483-10be-4722-9cc9-758d5a275663.jpg.webp?ect=4g","Rp600.000",5,"Fortune Ponsel"
"Xiaomi Redmi 4X 4/64 GB","Jakarta Selatan","https://images.tokopedia.net/img/cache/200-square/VqbcmM/2021/1/21/b7bc2381-104f-404d-b237-3c628ac922a1.png.webp?ect=4g","Rp998.000",5,"Hongmi cell"
"Iphone 11 Pro 64gb second fullset mulus terawat - Grey","Jakarta Utara","https://images.tokopedia.net/img/cache/200-square/product-1/2020/8/13/5158575/5158575_3b08a162-389f-42fe-87c1-2a2f0d8aa6d0_1080_1080.webp?ect=4g","Rp10.298.000",5,"excelappleshop"
"Xiaomi Redmi 4x 4/64GB","Jakarta Barat","https://images.tokopedia.net/img/cache/200-square/VqbcmM/2021/3/18/b68e77ae-0298-45e3-8f3d-f122b3204717.jpg.webp?ect=4g","Rp998.000",5,"Fortune Ponsel"
"OPPO F5 4/32 GB","Jakarta Barat","https://images.tokopedia.net/img/cache/200-square/VqbcmM/2020/10/20/314f8ad3-d565-4a5b-9e1d-b9b4b0a327c2.jpg.webp?ect=4g","Rp1.185.000",5,"Zhongkai Jianba"
"Apple iPhone 12 Pro 128GB 256GB 512GB 128 256 512 GB Resmi Tam iBox - 128GB","Jakarta Pusat","https://images.tokopedia.net/img/cache/200-square/VqbcmM/2020/12/19/083f9649-46e3-435a-a328-03b2b5dc9a77.jpg.webp?ect=4g","Rp17.400.000",5,"chocoapple"
"Xiaomi Redmi 2 1/8 GB","Jakarta Barat","https://images.tokopedia.net/img/cache/200-square/VqbcmM/2020/12/5/2da13d54-a296-48d7-9e2a-1ac716f80693.jpg.webp?ect=4g","Rp398.000",5,"Zhufu jian"
"OPPO F9 6 / 64GB","Jakarta Selatan","https://images.tokopedia.net/img/cache/200-square/VqbcmM/2021/4/30/387fab9b-e016-42cc-8580-0f38f65cf4ec.jpg.webp?ect=4g","Rp1.550.000",5,"Hongmi cell"
"Apple iPhone 12 Pro Max Promax 128GB 256GB 512GB 128 256 512 Tam iBox - 128GB","Jakarta Pusat","https://images.tokopedia.net/img/cache/200-square/VqbcmM/2020/12/19/ab5e06ae-98a0-4c50-80e4-0282e3774526.jpg.webp?ect=4g","Rp19.170.000",5,"chocoapple"
"Infinix Smart 5 3/64 RAM 3GB ROM 64GB GARANSI RESMI","Bekasi","https://images.tokopedia.net/img/cache/200-square/VqbcmM/2021/1/14/adeb7170-fea8-4515-85bc-dd1606b7af1e.jpg.webp?ect=4g","Rp1.315.000",5,"Shadow Gold"
"Samsung Galaxy A51 8/128 GB Garansi Resmi SEIN","Jakarta Pusat","https://images.tokopedia.net/img/cache/200-square/product-1/2020/4/3/2608727/2608727_d0cf85da-5b73-486b-95cd-3671d14a1938_800_800.webp?ect=4g","Rp3.615.000",5,"Gudang-HP"
"Advan Nasa Plus 2/16 Ram 2gb Internal 16gb Garansi Resmi","Jakarta Pusat","https://images.tokopedia.net/img/cache/200-square/VqbcmM/2021/1/14/eeb8f1f3-e64d-49a9-87ee-6cc21ee05508.png.webp?ect=4g","Rp749.000",5,"Kreasindo Online"
"iPhone 128GB 256GB 512GB 12 Pro Max Graphite Blue Gold 128 256 512","Jakarta Pusat","https://images.tokopedia.net/img/cache/200-square/VqbcmM/2020/10/14/fc9fc2ca-e8fd-48b8-a1b9-692c39723b03.jpg.webp?ect=4g","Rp17.990.000",5,"Putra Group"
"Xiaomi Redmi 9C 3/32 GB - Garansi Resmi Xiaomi Indonesia","Jakarta Utara","https://images.tokopedia.net/img/cache/200-square/VqbcmM/2020/9/23/a4ee6622-d3dd-49f6-ba05-dbbcc468f709.jpg.webp?ect=4g","Rp1.375.000",5,"Universe Store"
"Iphone XR 64GB Garansi Resmi Ibox / TAM","Jakarta Pusat","https://images.tokopedia.net/img/cache/200-square/VqbcmM/2020/10/10/08baa3ee-6eae-4e46-ae97-dc5073db8370.jpg.webp?ect=4g","Rp7.285.000",5,"LJS OFFICIAL"
"Samsung Galaxy A02 3/32 Garansi Resmi","Jakarta Pusat","https://images.tokopedia.net/img/cache/200-square/VqbcmM/2021/3/2/d89a4b60-bbc4-4c78-ba92-5c99a714dd24.jpg.webp?ect=4g","Rp1.364.000",5,"PRISMA ROXY"
"NOKIA 5310 2020 GARANSI RESMI TAM","Jakarta Selatan","https://images.tokopedia.net/img/cache/200-square/VqbcmM/2021/2/17/759289f4-f684-4cdc-aeda-6abcf11dcdbd.jpg.webp?ect=4g","Rp527.000",5,"murahmeriah shop"
"Xiaomi Redmi 9C 3/32GB - 4/64GB Garansi Resmi Xiaomi Redmi 9 C 32 GB 6","Jakarta Pusat","https://images.tokopedia.net/img/cache/200-square/VqbcmM/2021/2/8/ab3acf40-b50b-4b10-9a6d-d13b5202ba29.jpg.webp?ect=4g","Rp1.385.000",5,"Distributor Ponsel"
"APPLE IPHONE 7 128GB BLACK MATTE GARANSI 1 TAHUN","Jakarta Utara","https://images.tokopedia.net/img/cache/200-square/product-1/2018/11/15/9086308/9086308_d5558453-bac5-489f-9f3f-13faeab6b2f5_1000_1000.png.webp?ect=4g","Rp3.250.000",5,"Dovephone"
"Xiaomi Official Redmi Note 9 Pro 6/64 GB Garansi Resmi Mi Smartphone","Kab. Tangerang","https://images.tokopedia.net/img/cache/200-square/VqbcmM/2021/3/12/ebe493e0-26ee-45e1-b1f0-680d6bd503fc.jpg.webp?ect=4g","Rp3.096.000",5,"Xiaomi Official Store"
"Infinix Hot 9 Play 4/64 RAM 4GB ROM 64GB GARANSI RESMI","Bekasi","https://images.tokopedia.net/img/cache/200-square/VqbcmM/2021/1/14/78b3630a-f12a-45d3-bf17-b6b446118754.jpg.webp?ect=4g","Rp1.419.000",5,"Shadow Gold"
"Samsung A12 4/128Gb Garansi Resmi","Surabaya","https://images.tokopedia.net/img/cache/200-square/VqbcmM/2021/1/12/e7ea3dc6-e980-4e45-977c-8010ac0533d2.jpg.webp?ect=4g","Rp2.199.000",5,"Apollo_Gadget_Store"
"Xiaomi Official Redmi 9 4/64 GB Garansi Resmi Mi Smartphone","Kab. Tangerang","https://images.tokopedia.net/img/cache/200-square/VqbcmM/2021/4/9/37d71e41-d952-4fa7-871e-5ae8a3966b2f.png.webp?ect=4g","Rp1.699.000",5,"Xiaomi Official Store"
"IPHONE XR 64GB GARANSI RESMI TAM/iBOX","Kediri","https://images.tokopedia.net/img/cache/200-square/VqbcmM/2021/3/19/8960848b-fdc9-4128-b271-d704e2f75d31.jpg.webp?ect=4g","Rp7.225.000",5,"Garden Cell Official"
"Apple iPhone 12 Pro Max Promax 128GB 256GB 512GB 128 256 512 Tam iBox","Jakarta Pusat","https://images.tokopedia.net/img/cache/200-square/VqbcmM/2020/12/19/ab5e06ae-98a0-4c50-80e4-0282e3774526.jpg.webp?ect=4g","Rp19.170.000",5,"chocoapple"
"Xiaomi Note 2 RAM 2/16 Garansi Distributor 1 Tahun","Jakarta Barat","https://images.tokopedia.net/img/cache/200-square/product-1/2020/3/1/49787181/49787181_3b240568-94e5-40a3-a6b1-df001c4cc884_516_516.webp?ect=4g","Rp553.000",5,"tami_cell"
"Xiaomi Redmi 9A 2/32 ~ 3/32 GB Garansi Resmi , IMEI Terdaftar","Jakarta Barat","https://images.tokopedia.net/img/cache/200-square/product-1/2020/8/18/16633024/16633024_ac7359fa-8e71-4c62-9cbb-ee9b2ad3ed5e_625_625.webp?ect=4g","Rp1.169.000",5,"duniagadgetku"
"Iphone 11 Pro 64gb Bekas","Jakarta Barat","https://images.tokopedia.net/img/cache/200-square/VqbcmM/2020/6/29/20173926-2484-4d3b-ac5d-842593a627c4.jpg.webp?ect=4g","Rp10.300.000",5,"Boboy Store"
"Infinix Hot 9 Play RAM 4/64 GB Garansi Resmi","Tangerang","https://images.tokopedia.net/img/cache/200-square/product-1/2020/8/28/28842035/28842035_a1b4bc94-f812-4539-b8e2-d787a4870809_599_599.webp?ect=4g","Rp1.405.000",5,"Indigo Celuler"